{"cameraMode":{"drawMode":0,"name":"Shaded","section":"Shading Mode"},"sceneLighting":true,"audioPlay":false,"sceneViewState":{"m_AlwaysRefresh":false,"showFog":true,"showSkybox":true,"showFlares":true,"showImageEffects":true,"showParticleSystems":true,"showVisualEffectGraphs":true,"m_FxEnabled":true},"in2DMode":false,"pivot":{"x":-0.7408818602561951,"y":-0.7046746015548706,"z":0.2245972901582718},"rotation":{"x":0.17758052051067353,"y":0.8034995198249817,"z":-0.293160617351532,"w":0.48692554235458376},"size":3.7436277866363527,"orthographic":false}